EH_SET,aa,N:CA,N:CA_SD,CA:C,CA:C_SD,C:O,C:O_SD,C:N+1,C:N+1_SD,TAU,TAU_SD,CA:C:N+1,CA:C:N+1_SD,CA:C:O,CA:C:O_SD,O:C:N+1,O:C:N+1_SD,C-1:N:CA,C-1:N:CA_SD
1991,PRO,1.466,15,1.525,21,1.231,20,1.341,16,111.8,25,116.9,15,120.8,17,122,14,122.6,50
1991,CIS,1.466,15,1.525,21,1.231,20,1.341,16,111.8,25,116.9,15,120.8,17,122,14,122.6,50
1991,GLY,1.451,16,1.516,18,1.231,20,1.329,14,112.5,29,116.4,21,120.8,21,123,16,120.6,17
1991,ALL,1.458,19,1.525,21,1.231,20,1.329,14,111.2,28,116.2,20,120.8,17,123,16,121.7,18
2001,PRO,1.468,17,1.524,20,1.228,20,1.338,19,112.1,26,117.1,28,120.2,24,121.1,19,119.3,15
2001,CIS,1.468,17,1.524,20,1.228,20,1.338,19,112.1,26,117.1,28,120.2,24,121.1,19,127,24
2001,GLY,1.456,15,1.514,16,1.232,16,1.326,18,113.1,25,116.2,20,120.6,18,123.2,17,121.7,25
2001,ALL,1.459,20,1.525,26,1.229,19,1.336,23,111,27,117.2,22,120.1,21,122.7,16,121.7,25
Jaskolski,ALL,1.454,12,1.527,13,1.234,12,1.334,13,110.7,22,,,,,,,,
Jaskolski,GLY,,,,,,,,,113.9,22,,,,,,,,
Jaskolski,PRO,,,,,,,,,112.5,22,,,,,,,,
